split,index,label,prediction,prob_0,prob_1,prob_2,prob_3,prob_4
val,0,0,0,0.531768,0.332732,0.107775,0.007492,0.020233
val,1,2,0,0.415151,0.240752,0.297401,0.033840,0.012855
val,2,0,0,0.794385,0.133507,0.055662,0.006317,0.010129
val,3,0,2,0.188700,0.303955,0.455636,0.022884,0.028825
val,4,0,1,0.226120,0.545014,0.193257,0.009606,0.026003
val,5,0,0,0.937908,0.025308,0.033235,0.002515,0.001033
val,6,1,0,0.514707,0.387253,0.075326,0.005868,0.016846
val,7,2,2,0.071211,0.095726,0.655104,0.053975,0.123983
val,8,0,4,0.054055,0.076214,0.212283,0.238085,0.419364
val,9,3,2,0.110341,0.198020,0.566274,0.049246,0.076119
val,10,2,2,0.116869,0.228875,0.489533,0.070638,0.094085
val,11,0,0,0.764771,0.133325,0.077518,0.007749,0.016638
val,12,0,0,0.954762,0.030078,0.014329,0.000476,0.000355
val,13,0,0,0.632066,0.155178,0.189558,0.012463,0.010734
val,14,0,1,0.246642,0.517679,0.212289,0.010000,0.013390
val,15,0,0,0.571262,0.168378,0.232513,0.014260,0.013587
val,16,3,4,0.004834,0.007611,0.085460,0.325217,0.576878
val,17,2,2,0.196875,0.151281,0.515936,0.049585,0.086322
val,18,1,2,0.259017,0.314102,0.318899,0.045737,0.062246
val,19,3,3,0.012888,0.018093,0.179259,0.416746,0.373014
val,20,0,0,0.724579,0.039279,0.219160,0.010494,0.006489
val,21,1,2,0.283701,0.330763,0.341353,0.022026,0.022157
val,22,0,0,0.900498,0.041632,0.054922,0.001495,0.001454
val,23,2,2,0.096401,0.221447,0.377845,0.088720,0.215587
val,24,0,0,0.657743,0.120265,0.196132,0.012404,0.013457
val,25,0,0,0.837948,0.100739,0.057728,0.002302,0.001283
val,26,1,1,0.226429,0.324815,0.294163,0.046069,0.108523
val,27,0,0,0.899342,0.061054,0.037813,0.001240,0.000550
val,28,0,0,0.964266,0.021270,0.013832,0.000351,0.000281
val,29,3,3,0.063120,0.063924,0.344893,0.351894,0.176169
val,30,3,3,0.117857,0.043000,0.256889,0.365607,0.216648
val,31,3,2,0.098898,0.156184,0.404131,0.162828,0.177958
val,32,4,1,0.231618,0.464262,0.240434,0.023698,0.039988
val,33,0,0,0.805539,0.116605,0.073207,0.002865,0.001784
val,34,0,4,0.060291,0.067692,0.291834,0.197230,0.382953
val,35,3,3,0.195807,0.073752,0.157856,0.491440,0.081146
val,36,3,4,0.011578,0.019746,0.190803,0.303767,0.474106
val,37,1,0,0.423660,0.241050,0.301868,0.014645,0.018777
val,38,0,0,0.731180,0.126586,0.126427,0.006821,0.008985
val,39,0,0,0.738205,0.038768,0.207044,0.009885,0.006099
val,40,0,0,0.569839,0.171546,0.231006,0.013943,0.013666
val,41,0,0,0.878195,0.086251,0.033876,0.001361,0.000317
val,42,0,0,0.836436,0.088304,0.067207,0.003588,0.004464
val,43,0,0,0.663434,0.188299,0.121660,0.011559,0.015048
val,44,1,1,0.257079,0.603934,0.129313,0.004882,0.004792
val,45,1,1,0.265902,0.325798,0.305071,0.043984,0.059245
val,46,2,2,0.129078,0.161895,0.552633,0.062002,0.094392
val,47,3,2,0.046900,0.086100,0.474519,0.187034,0.205447
val,48,2,4,0.011353,0.019824,0.182204,0.156380,0.630241
val,49,4,2,0.079196,0.178853,0.494456,0.110627,0.136868
val,50,0,2,0.048946,0.109919,0.384338,0.124036,0.332760
val,51,0,0,0.836650,0.072333,0.087114,0.002404,0.001499
val,52,0,0,0.890870,0.040444,0.062477,0.003478,0.002731
val,53,3,4,0.017741,0.022005,0.250324,0.333948,0.375983
val,54,2,2,0.218254,0.278541,0.406620,0.038456,0.058128
val,55,0,0,0.899443,0.057881,0.041011,0.001223,0.000442
val,56,4,4,0.022620,0.030497,0.238763,0.130022,0.578099
val,57,3,4,0.085490,0.043833,0.124483,0.256851,0.489343
val,58,0,1,0.205546,0.392415,0.308853,0.024662,0.068525
val,59,0,0,0.424501,0.363054,0.192247,0.010622,0.009577
val,60,0,1,0.235863,0.414526,0.325810,0.011005,0.012795
val,61,0,0,0.862567,0.052411,0.078563,0.004287,0.002172
val,62,2,2,0.087723,0.092946,0.610744,0.087805,0.120781
val,63,2,4,0.011692,0.015104,0.208746,0.143088,0.621370
val,64,0,0,0.704592,0.191412,0.078868,0.012153,0.012976
val,65,2,2,0.141139,0.322927,0.401487,0.051535,0.082912
val,66,0,0,0.414425,0.412963,0.150704,0.011512,0.010396
val,67,2,1,0.264506,0.388919,0.227402,0.038126,0.081047
val,68,0,0,0.672082,0.100160,0.203650,0.011393,0.012715
val,69,1,0,0.448032,0.336006,0.194592,0.010056,0.011314
val,70,3,4,0.008413,0.009793,0.178836,0.208669,0.594288
val,71,2,2,0.088279,0.061151,0.424319,0.173546,0.252705
val,72,3,2,0.058140,0.118169,0.466668,0.181880,0.175143
val,73,0,0,0.966354,0.021748,0.010863,0.000581,0.000454
val,74,3,0,0.355297,0.115176,0.198499,0.211685,0.119343
val,75,0,0,0.969691,0.005476,0.019607,0.000657,0.004569
val,76,0,0,0.477686,0.203256,0.285627,0.015191,0.018240
val,77,0,0,0.830638,0.128827,0.039068,0.000968,0.000499
val,78,2,2,0.207054,0.279165,0.469845,0.022837,0.021098
val,79,1,2,0.139295,0.152218,0.593393,0.057595,0.057500
val,80,2,2,0.100674,0.225117,0.369837,0.117732,0.186641
val,81,2,2,0.258457,0.266471,0.400887,0.035146,0.039039
val,82,0,0,0.853033,0.091350,0.053085,0.001746,0.000786
val,83,2,1,0.252584,0.345682,0.343439,0.028859,0.029436
val,84,2,1,0.359032,0.359702,0.249086,0.015008,0.017172
val,85,0,0,0.652465,0.121506,0.199522,0.012704,0.013803
val,86,2,2,0.291969,0.294951,0.343406,0.024432,0.045243
val,87,2,1,0.220919,0.361290,0.338848,0.028319,0.050623
val,88,2,2,0.167696,0.213532,0.327160,0.093107,0.198504
val,89,3,2,0.157703,0.221485,0.461071,0.080839,0.078902
val,90,4,4,0.002411,0.009765,0.029808,0.334463,0.623553
val,91,0,2,0.110052,0.140611,0.474358,0.078183,0.196797
val,92,1,4,0.075529,0.092586,0.273305,0.100856,0.457723
val,93,0,0,0.936494,0.026810,0.033032,0.002601,0.001063
val,94,2,2,0.071602,0.077605,0.438621,0.152760,0.259411
val,95,4,4,0.001205,0.003454,0.013205,0.088777,0.893358
val,96,0,0,0.961992,0.031503,0.006057,0.000301,0.000148
val,97,2,2,0.067878,0.078118,0.475978,0.104835,0.273191
val,98,0,0,0.412371,0.408220,0.156099,0.012297,0.011013
val,99,0,2,0.240246,0.344155,0.356787,0.024167,0.034646
val,100,3,3,0.238940,0.148361,0.183098,0.255544,0.174057
val,101,4,4,0.006303,0.007911,0.046219,0.121537,0.818029
val,102,3,3,0.008600,0.015186,0.134678,0.623977,0.217560
val,103,2,1,0.341583,0.418122,0.179978,0.025122,0.035195
val,104,1,0,0.768570,0.118587,0.083577,0.016373,0.012892
val,105,2,2,0.108151,0.182146,0.514401,0.085886,0.109416
val,106,0,0,0.734745,0.168158,0.091849,0.003361,0.001887
val,107,2,2,0.098531,0.104854,0.382181,0.187739,0.226696
val,108,0,0,0.938984,0.031486,0.028326,0.000668,0.000537
val,109,2,2,0.256669,0.325056,0.345742,0.031270,0.041263
val,110,2,4,0.057340,0.121939,0.304339,0.149293,0.367089
val,111,0,0,0.799877,0.129219,0.067010,0.002450,0.001443
val,112,3,0,0.700746,0.033519,0.159986,0.058765,0.046984
val,113,1,2,0.111937,0.258277,0.527614,0.037549,0.064623
val,114,0,0,0.463349,0.405620,0.117446,0.004771,0.008814
val,115,3,4,0.015031,0.008802,0.163445,0.311365,0.501358
val,116,3,2,0.285128,0.057282,0.399958,0.148110,0.109521
val,117,0,0,0.957425,0.026255,0.015658,0.000560,0.000103
val,118,0,0,0.944130,0.017540,0.035835,0.001013,0.001481
val,119,0,2,0.349452,0.249886,0.359891,0.025293,0.015478
test,0,2,0,0.681044,0.017708,0.210669,0.056330,0.034250
test,1,1,1,0.279556,0.499692,0.192399,0.006884,0.021469
test,2,0,0,0.644276,0.217844,0.128890,0.003848,0.005141
test,3,0,1,0.176213,0.512875,0.289008,0.008161,0.013743
test,4,0,0,0.606408,0.290435,0.099332,0.002719,0.001106
test,5,0,0,0.916915,0.049450,0.032060,0.001223,0.000353
test,6,2,2,0.078490,0.152395,0.339960,0.132571,0.296584
test,7,2,4,0.042021,0.043728,0.246783,0.119368,0.548099
test,8,0,0,0.774124,0.137227,0.085111,0.002103,0.001435
test,9,3,4,0.054345,0.095297,0.305335,0.135721,0.409302
test,10,2,2,0.191237,0.240637,0.395005,0.057712,0.115409
test,11,2,2,0.112473,0.118442,0.573121,0.076236,0.119727
test,12,0,1,0.329227,0.443843,0.208457,0.010352,0.008121
test,13,3,4,0.025131,0.017580,0.150580,0.306048,0.500661
test,14,0,0,0.518329,0.359524,0.112540,0.003972,0.005635
test,15,0,0,0.819998,0.133519,0.043638,0.002141,0.000704
test,16,0,0,0.960097,0.020401,0.018315,0.000658,0.000529
test,17,2,1,0.276442,0.331073,0.228079,0.075856,0.088551
test,18,4,3,0.010094,0.042522,0.074479,0.477029,0.395876
test,19,0,2,0.172687,0.288366,0.452942,0.020907,0.065098
test,20,0,0,0.826367,0.053582,0.113090,0.003076,0.003884
test,21,0,0,0.799431,0.086964,0.107221,0.004150,0.002234
test,22,0,0,0.793395,0.109673,0.079266,0.006150,0.011516
test,23,0,0,0.893407,0.030775,0.066704,0.003339,0.005775
test,24,2,0,0.568287,0.113563,0.296030,0.014259,0.007862
test,25,0,0,0.772913,0.138194,0.083795,0.003151,0.001946
test,26,0,0,0.887374,0.058932,0.050881,0.001761,0.001052
test,27,3,2,0.073262,0.060720,0.439142,0.167143,0.259733
test,28,0,0,0.703916,0.053300,0.201453,0.025037,0.016294
test,29,3,4,0.036506,0.051315,0.217469,0.201609,0.493100
test,30,0,0,0.714656,0.119343,0.156105,0.005668,0.004228
test,31,0,1,0.263013,0.354146,0.321664,0.029878,0.031298
test,32,3,4,0.012401,0.042495,0.214116,0.274941,0.456047
test,33,1,0,0.587031,0.247482,0.148534,0.007359,0.009593
test,34,0,0,0.943074,0.031958,0.023115,0.000700,0.001153
test,35,0,0,0.659208,0.137437,0.181533,0.009682,0.012140
test,36,0,0,0.660688,0.159100,0.166760,0.005995,0.007457
test,37,3,0,0.525435,0.059534,0.186301,0.182517,0.046213
test,38,1,2,0.164869,0.252910,0.502107,0.030910,0.049204
test,39,0,1,0.315564,0.330088,0.319919,0.013964,0.020466
test,40,1,0,0.373443,0.270928,0.302816,0.025871,0.026942
test,41,0,0,0.690396,0.193235,0.109829,0.004201,0.002339
test,42,0,0,0.793869,0.108651,0.090397,0.003019,0.004064
test,43,0,1,0.201650,0.555889,0.193751,0.018691,0.030019
test,44,3,2,0.057606,0.083682,0.463707,0.161518,0.233488
test,45,3,4,0.083808,0.176471,0.320703,0.073115,0.345903
test,46,1,0,0.432573,0.389314,0.164046,0.009133,0.004933
test,47,1,2,0.219749,0.223329,0.452241,0.029925,0.074756
test,48,1,2,0.124044,0.117301,0.431992,0.089579,0.237084
test,49,0,0,0.917314,0.041982,0.038942,0.001050,0.000711
test,50,0,0,0.880168,0.044740,0.070017,0.003606,0.001469
test,51,3,4,0.042881,0.044860,0.260607,0.135028,0.516625
test,52,3,2,0.088054,0.121593,0.503118,0.117083,0.170152
test,53,0,0,0.609664,0.194499,0.168117,0.012615,0.015105
test,54,1,2,0.328604,0.259398,0.367598,0.019064,0.025336
test,55,1,2,0.327065,0.239202,0.332848,0.034907,0.065979
test,56,2,2,0.117025,0.167149,0.342605,0.106815,0.266406
test,57,0,0,0.942923,0.034195,0.021788,0.000833,0.000261
test,58,0,0,0.525700,0.368815,0.097352,0.003171,0.004963
test,59,1,1,0.313865,0.476319,0.187348,0.009577,0.012891
test,60,0,0,0.384756,0.373669,0.217413,0.015366,0.008796
test,61,0,0,0.666604,0.222535,0.098021,0.003625,0.009214
test,62,4,2,0.270672,0.083937,0.371254,0.112229,0.161909
test,63,0,0,0.640196,0.187139,0.163929,0.004044,0.004692
test,64,2,2,0.142207,0.186484,0.414659,0.144758,0.111891
test,65,2,2,0.171248,0.202645,0.450613,0.045917,0.129578
test,66,0,0,0.792845,0.097757,0.103598,0.003923,0.001877
test,67,1,1,0.336216,0.403671,0.248265,0.006082,0.005767
test,68,0,2,0.266425,0.307947,0.342308,0.031426,0.051894
test,69,3,4,0.010673,0.011680,0.104948,0.356549,0.516149
test,70,0,0,0.722093,0.135394,0.132103,0.006974,0.003435
test,71,1,0,0.631580,0.086975,0.248387,0.017618,0.015440
test,72,0,0,0.920610,0.043952,0.034026,0.000824,0.000588
test,73,2,2,0.060657,0.129027,0.417160,0.209951,0.183204
test,74,3,3,0.061218,0.135786,0.307440,0.322192,0.173363
test,75,1,0,0.680487,0.140930,0.155361,0.016494,0.006728
test,76,4,2,0.261273,0.112657,0.282680,0.218103,0.125286
test,77,3,1,0.213400,0.349907,0.295745,0.038834,0.102115
test,78,0,0,0.900126,0.023451,0.066960,0.004015,0.005449
test,79,0,0,0.899394,0.073223,0.026406,0.000598,0.000380
test,80,2,2,0.080280,0.220436,0.479593,0.067263,0.152428
test,81,0,1,0.416757,0.534227,0.041867,0.003611,0.003538
test,82,0,0,0.800608,0.142652,0.051458,0.003612,0.001670
test,83,4,2,0.116595,0.060407,0.410857,0.244246,0.167894
test,84,3,2,0.087617,0.161801,0.282056,0.241157,0.227369
test,85,0,1,0.212599,0.441186,0.270519,0.037070,0.038626
test,86,0,0,0.742754,0.108644,0.136735,0.006573,0.005294
test,87,1,0,0.429341,0.292366,0.252922,0.014742,0.010628
test,88,3,4,0.005665,0.026570,0.356545,0.172792,0.438428
test,89,0,0,0.793283,0.088599,0.111389,0.004366,0.002363
test,90,2,2,0.237828,0.300785,0.363708,0.049072,0.048607
test,91,1,0,0.412907,0.281936,0.273005,0.014698,0.017453
test,92,0,0,0.863259,0.035023,0.096267,0.002479,0.002972
test,93,2,4,0.118664,0.053968,0.202181,0.105354,0.519834
test,94,3,2,0.212623,0.185042,0.429355,0.064426,0.108554
test,95,4,4,0.014849,0.046101,0.059183,0.066074,0.813793
test,96,2,0,0.470176,0.232406,0.166775,0.059964,0.070679
test,97,1,0,0.420165,0.414931,0.153319,0.007087,0.004497
test,98,0,0,0.434289,0.358009,0.190010,0.008568,0.009124
test,99,0,0,0.881646,0.074104,0.042240,0.001385,0.000625
test,100,0,0,0.967836,0.006461,0.023589,0.001286,0.000828
test,101,3,4,0.111690,0.015878,0.159963,0.337597,0.374872
test,102,0,0,0.725023,0.170749,0.094019,0.004895,0.005314
test,103,0,0,0.583855,0.254778,0.146733,0.007339,0.007295
test,104,0,0,0.698132,0.249010,0.049775,0.002192,0.000891
test,105,4,1,0.354009,0.422511,0.164003,0.030309,0.029169
test,106,0,0,0.513905,0.174746,0.266964,0.025965,0.018419
test,107,0,0,0.566565,0.276293,0.148880,0.005261,0.003002
test,108,3,0,0.715511,0.063653,0.175531,0.027096,0.018209
test,109,0,0,0.948016,0.018452,0.031713,0.001050,0.000769
test,110,2,2,0.315656,0.044492,0.556084,0.052656,0.031112
test,111,2,2,0.121535,0.181729,0.575451,0.046127,0.075158
test,112,0,0,0.870010,0.054783,0.068253,0.003556,0.003399
test,113,2,1,0.235343,0.427503,0.262764,0.019398,0.054992
test,114,0,0,0.735077,0.142905,0.113964,0.004252,0.003802
test,115,0,0,0.594549,0.264145,0.133364,0.004852,0.003090
test,116,2,2,0.069694,0.118593,0.360571,0.184699,0.266443
test,117,1,1,0.221234,0.369870,0.308467,0.059465,0.040963
test,118,3,4,0.029988,0.058712,0.361456,0.173122,0.376722
test,119,2,2,0.064650,0.068891,0.408681,0.180349,0.277429
test,120,3,2,0.081593,0.213160,0.431066,0.097719,0.176463
test,121,2,2,0.152004,0.191799,0.315952,0.187977,0.152267
test,122,0,2,0.268347,0.096495,0.415178,0.091959,0.128022
test,123,0,0,0.812252,0.098549,0.084905,0.002575,0.001720
test,124,2,1,0.286960,0.415921,0.261327,0.014814,0.020978
test,125,2,2,0.066297,0.088451,0.443171,0.108138,0.293943
test,126,2,4,0.049291,0.018438,0.181041,0.113488,0.637742
test,127,2,2,0.163729,0.291500,0.484890,0.019191,0.040691
test,128,0,2,0.211473,0.218887,0.310771,0.093137,0.165732
test,129,0,0,0.647550,0.180999,0.159415,0.006129,0.005908
test,130,0,0,0.750309,0.135908,0.107238,0.004791,0.001755
test,131,0,1,0.320550,0.524433,0.087728,0.006619,0.060670
test,132,0,0,0.427955,0.357190,0.171660,0.013347,0.029848
test,133,1,1,0.374614,0.379805,0.192875,0.024343,0.028364
test,134,2,2,0.236232,0.311642,0.404143,0.019871,0.028112
test,135,0,0,0.641412,0.124699,0.198600,0.015717,0.019573
test,136,2,0,0.390435,0.302277,0.172554,0.024612,0.110122
test,137,0,2,0.108226,0.150926,0.607817,0.048657,0.084374
test,138,2,0,0.353572,0.340177,0.277173,0.011379,0.017700
test,139,0,0,0.453859,0.328175,0.176389,0.025542,0.016035
test,140,1,0,0.688735,0.224303,0.080969,0.003247,0.002746
test,141,0,0,0.684036,0.241987,0.068043,0.002706,0.003227
test,142,1,1,0.298299,0.507091,0.167757,0.010630,0.016224
test,143,2,0,0.528125,0.116164,0.321484,0.018531,0.015696
test,144,2,1,0.260207,0.316845,0.314847,0.033283,0.074818
test,145,1,1,0.176372,0.526984,0.223446,0.032964,0.040234
test,146,1,2,0.201748,0.168829,0.546176,0.036585,0.046662
test,147,0,1,0.395914,0.445684,0.146485,0.004637,0.007280
test,148,1,1,0.296850,0.385653,0.291359,0.010568,0.015571
test,149,0,0,0.908244,0.045901,0.043568,0.001428,0.000858
test,150,3,4,0.044173,0.110890,0.283471,0.267338,0.294129
test,151,0,0,0.474084,0.315631,0.192967,0.009494,0.007824
test,152,2,2,0.136265,0.319093,0.399004,0.056483,0.089156
test,153,0,0,0.885605,0.063459,0.048594,0.001122,0.001221
test,154,3,2,0.119736,0.109115,0.568404,0.081102,0.121643
test,155,0,1,0.288130,0.398906,0.272902,0.015882,0.024179
test,156,3,4,0.034666,0.048513,0.079399,0.126953,0.710469
test,157,0,0,0.861918,0.031487,0.094162,0.004264,0.008169
test,158,0,2,0.301112,0.097633,0.425273,0.075085,0.100897
test,159,0,0,0.934192,0.034081,0.030499,0.000635,0.000593
test,160,0,0,0.921245,0.026212,0.050672,0.000888,0.000983
test,161,0,0,0.955633,0.016187,0.027279,0.000510,0.000391
test,162,0,0,0.908389,0.049036,0.039090,0.002008,0.001477
test,163,3,2,0.123947,0.149343,0.377638,0.155844,0.193227
test,164,0,0,0.567408,0.208559,0.183667,0.016159,0.024208
test,165,4,4,0.021886,0.053383,0.127200,0.272232,0.525300
test,166,3,3,0.077350,0.018730,0.097784,0.595228,0.210908
test,167,2,4,0.023582,0.055216,0.375662,0.150705,0.394835
test,168,3,4,0.039808,0.069005,0.111492,0.276318,0.503377
test,169,1,2,0.140909,0.172197,0.632674,0.022816,0.031404
test,170,0,2,0.303969,0.153338,0.421948,0.038230,0.082515
test,171,0,0,0.953180,0.028260,0.017614,0.000708,0.000238
test,172,2,2,0.183643,0.289492,0.381358,0.052046,0.093461
test,173,2,1,0.243953,0.508158,0.180975,0.033504,0.033411
test,174,0,0,0.526825,0.383378,0.080666,0.004597,0.004533
test,175,2,2,0.214757,0.243074,0.373021,0.042980,0.126168
test,176,0,0,0.888422,0.010799,0.086444,0.010594,0.003741
test,177,1,1,0.308367,0.505955,0.159983,0.008235,0.017460
test,178,0,0,0.452662,0.385844,0.138603,0.008739,0.014152
test,179,0,2,0.383979,0.191375,0.385568,0.019480,0.019598
test,180,0,0,0.806007,0.081058,0.105487,0.005326,0.002123
test,181,2,2,0.099617,0.202097,0.574414,0.055061,0.068811
test,182,0,0,0.829789,0.092374,0.073090,0.002444,0.002303
test,183,0,0,0.904806,0.074040,0.020124,0.000547,0.000482
test,184,0,0,0.873544,0.088629,0.036147,0.001064,0.000615
test,185,3,4,0.022636,0.038613,0.261969,0.338066,0.338716
test,186,3,2,0.082788,0.082906,0.592115,0.091632,0.150559
test,187,2,2,0.113343,0.169469,0.604595,0.034066,0.078528
test,188,0,0,0.480580,0.422983,0.088096,0.003085,0.005256
test,189,2,2,0.114474,0.144581,0.540943,0.105000,0.095002
test,190,3,2,0.055745,0.071429,0.447071,0.135421,0.290333
test,191,1,2,0.237469,0.308185,0.330715,0.033571,0.090061
test,192,3,2,0.075106,0.137241,0.516955,0.095904,0.174795
test,193,0,0,0.857071,0.072216,0.066680,0.002401,0.001632
test,194,2,2,0.198004,0.261958,0.281020,0.050910,0.208108
test,195,4,4,0.035925,0.047400,0.118203,0.135323,0.663149
test,196,2,2,0.194096,0.281562,0.438299,0.028910,0.057133
test,197,3,4,0.010195,0.031613,0.059160,0.295689,0.603343
test,198,0,0,0.401053,0.364205,0.218455,0.006248,0.010039
test,199,1,1,0.236671,0.419644,0.290237,0.016263,0.037184
test,200,4,4,0.003266,0.005613,0.017502,0.098086,0.875533
test,201,0,0,0.860087,0.109678,0.028578,0.000879,0.000778
test,202,3,4,0.003766,0.007365,0.081023,0.273630,0.634216
test,203,0,0,0.946947,0.032139,0.020163,0.000402,0.000349
test,204,2,0,0.520745,0.382126,0.073106,0.013499,0.010524
test,205,2,2,0.203004,0.348590,0.417215,0.013042,0.018149
test,206,1,1,0.331869,0.603076,0.050798,0.004138,0.010119
test,207,0,2,0.307334,0.260426,0.381901,0.021147,0.029191
test,208,2,3,0.043942,0.015329,0.169560,0.452918,0.318251
test,209,0,2,0.226898,0.245954,0.362454,0.044976,0.119719
test,210,0,0,0.890898,0.031399,0.068139,0.003530,0.006034
test,211,2,2,0.123640,0.214469,0.528290,0.047582,0.086018
test,212,2,1,0.158235,0.464370,0.275229,0.040030,0.062136
test,213,0,0,0.828628,0.059734,0.106487,0.002632,0.002519
test,214,0,0,0.976208,0.015847,0.007516,0.000347,0.000082
test,215,1,1,0.376567,0.450282,0.157393,0.008204,0.007555
test,216,0,0,0.794336,0.106280,0.084947,0.009885,0.004552
test,217,2,1,0.152419,0.379423,0.349652,0.042109,0.076398
test,218,2,2,0.072947,0.214026,0.581576,0.029460,0.101991
test,219,2,2,0.120221,0.141223,0.567061,0.064636,0.106859
test,220,0,0,0.879730,0.061996,0.056661,0.001103,0.000511
test,221,3,2,0.064215,0.079795,0.403897,0.087803,0.364291
test,222,2,2,0.211345,0.255038,0.425104,0.036838,0.071676
test,223,1,2,0.145571,0.207785,0.445377,0.067754,0.133513
test,224,2,2,0.135240,0.271479,0.474799,0.038283,0.080200
test,225,0,0,0.457300,0.185988,0.239453,0.025263,0.091995
test,226,2,2,0.104275,0.221648,0.434392,0.074539,0.165147
test,227,0,0,0.566437,0.346507,0.080610,0.002739,0.003707
test,228,3,2,0.144262,0.272468,0.282700,0.059535,0.241035
test,229,0,0,0.641473,0.083633,0.198095,0.039624,0.037175
test,230,0,0,0.813991,0.061505,0.110662,0.008009,0.005833
test,231,2,2,0.170992,0.296178,0.393346,0.029236,0.110249
test,232,0,0,0.918704,0.051314,0.028156,0.001273,0.000553
test,233,0,0,0.783025,0.083624,0.125049,0.003778,0.004524
test,234,0,0,0.538787,0.132016,0.302697,0.018144,0.008357
test,235,1,0,0.375331,0.312577,0.269195,0.026113,0.016784
test,236,2,0,0.486169,0.344923,0.137767,0.015779,0.015362
test,237,0,2,0.313663,0.148297,0.415373,0.040869,0.081798
test,238,4,4,0.060060,0.087848,0.119939,0.050133,0.682020
test,239,3,0,0.443538,0.037835,0.197488,0.196528,0.124611
test,240,1,0,0.340252,0.303366,0.324890,0.016240,0.015253
test,241,2,0,0.363639,0.190823,0.285096,0.067181,0.093261
test,242,0,0,0.896539,0.065578,0.035955,0.001452,0.000476
test,243,0,0,0.867594,0.070151,0.057143,0.002882,0.002230
test,244,0,0,0.615238,0.167727,0.191740,0.008097,0.017198
test,245,1,1,0.381065,0.386902,0.193301,0.015356,0.023375
test,246,0,0,0.649467,0.086758,0.214431,0.030602,0.018742
test,247,2,4,0.029004,0.035682,0.150816,0.200480,0.584018
test,248,3,4,0.010454,0.067426,0.048295,0.174956,0.698868
test,249,3,2,0.250484,0.202792,0.296734,0.113529,0.136461
test,250,2,2,0.083895,0.212165,0.353744,0.140761,0.209434
test,251,1,0,0.544241,0.252569,0.175997,0.014823,0.012368
test,252,2,2,0.245566,0.254130,0.258919,0.126510,0.114875
test,253,2,2,0.055167,0.101350,0.482052,0.104687,0.256744
test,254,0,0,0.807244,0.103500,0.072479,0.008393,0.008384
test,255,0,0,0.891601,0.069129,0.037198,0.001450,0.000621
test,256,4,2,0.071134,0.123821,0.561185,0.063912,0.179949
test,257,0,0,0.939080,0.030181,0.026542,0.002406,0.001790
test,258,0,0,0.610009,0.223538,0.152651,0.006740,0.007062
test,259,2,2,0.144964,0.103809,0.409896,0.167405,0.173925
test,260,4,4,0.006995,0.013018,0.121180,0.195137,0.663669
test,261,3,4,0.092365,0.057683,0.156628,0.181983,0.511341
test,262,4,2,0.051499,0.061197,0.609824,0.094280,0.183201
test,263,3,3,0.031939,0.070912,0.202519,0.361578,0.333052
test,264,3,2,0.116704,0.143287,0.528175,0.071236,0.140599
test,265,2,4,0.048530,0.062970,0.326498,0.184119,0.377883
test,266,0,0,0.791700,0.128501,0.074139,0.003407,0.002253
test,267,0,0,0.800235,0.120649,0.074351,0.001903,0.002862
test,268,0,0,0.842046,0.093227,0.062364,0.001700,0.000664
test,269,1,0,0.579267,0.103141,0.292017,0.012232,0.013343
test,270,0,1,0.379743,0.501810,0.109594,0.003535,0.005317
test,271,3,4,0.050052,0.097928,0.207750,0.165369,0.478900
test,272,0,2,0.231158,0.319154,0.344243,0.031141,0.074304
test,273,3,3,0.023726,0.070574,0.180375,0.376220,0.349104
test,274,0,0,0.767208,0.151294,0.078298,0.002130,0.001069
test,275,1,2,0.305073,0.283373,0.370890,0.025945,0.014719
test,276,1,1,0.329990,0.462761,0.187519,0.007811,0.011920
test,277,0,0,0.452919,0.332529,0.186644,0.013428,0.014481
test,278,0,1,0.296800,0.455012,0.214259,0.018665,0.015264
test,279,4,2,0.294436,0.035966,0.466015,0.079932,0.123651
test,280,0,0,0.447343,0.398807,0.133854,0.009011,0.010985
test,281,2,4,0.080619,0.039053,0.155346,0.199279,0.525703
test,282,3,2,0.054441,0.052472,0.418431,0.199977,0.274679
test,283,0,2,0.152793,0.239583,0.419829,0.061904,0.125891
test,284,2,0,0.592163,0.033201,0.303338,0.056302,0.014996
test,285,2,2,0.156061,0.325997,0.441130,0.023123,0.053688
test,286,2,2,0.226212,0.302623,0.397996,0.033927,0.039242
test,287,1,0,0.605856,0.324908,0.063447,0.003909,0.001880
test,288,3,2,0.030277,0.080077,0.345029,0.224076,0.320541
test,289,3,3,0.041696,0.063008,0.256882,0.345428,0.292986
test,290,0,1,0.205242,0.466261,0.280731,0.022183,0.025584
test,291,3,4,0.003404,0.026677,0.034704,0.389967,0.545248
test,292,2,2,0.070772,0.080541,0.380407,0.136906,0.331374
test,293,1,0,0.636800,0.208718,0.115805,0.022096,0.016581
test,294,0,0,0.835692,0.074704,0.087710,0.000964,0.000931
test,295,0,2,0.181759,0.126815,0.507690,0.086344,0.097391
test,296,2,2,0.196861,0.246181,0.318303,0.135245,0.103410
test,297,3,3,0.268011,0.028693,0.218431,0.386076,0.098789
test,298,0,0,0.954873,0.017047,0.027480,0.000336,0.000264
test,299,2,1,0.217839,0.538600,0.204441,0.018030,0.021088
test,300,0,0,0.620281,0.317015,0.057925,0.002223,0.002555
test,301,3,2,0.085767,0.124804,0.411315,0.107491,0.270622
test,302,3,4,0.013663,0.043128,0.264967,0.216478,0.461763
test,303,3,2,0.033234,0.058139,0.352728,0.237151,0.318747
test,304,0,1,0.253487,0.563316,0.160593,0.004923,0.017682
test,305,1,2,0.149810,0.232212,0.545605,0.032425,0.039947
test,306,0,0,0.688434,0.255204,0.051522,0.003197,0.001642
test,307,3,3,0.005237,0.009771,0.108510,0.456510,0.419971
test,308,0,1,0.376372,0.404294,0.124246,0.023299,0.071789
test,309,0,0,0.705339,0.176921,0.106383,0.009111,0.002246
test,310,0,0,0.888711,0.067170,0.041953,0.001379,0.000788
test,311,0,0,0.861130,0.107165,0.030199,0.001132,0.000374
test,312,0,0,0.810499,0.109438,0.075255,0.002729,0.002078
test,313,2,2,0.093514,0.212495,0.410471,0.108118,0.175402
test,314,3,2,0.092259,0.112993,0.525737,0.073740,0.195270
test,315,3,4,0.021376,0.014559,0.241724,0.160647,0.561693
test,316,1,2,0.171664,0.312744,0.330344,0.112221,0.073027
test,317,2,0,0.847573,0.047626,0.098656,0.004175,0.001969
test,318,3,2,0.192671,0.111241,0.296396,0.225019,0.174673
test,319,0,0,0.461449,0.368269,0.159231,0.004067,0.006983
test,320,2,2,0.101515,0.113114,0.603850,0.071620,0.109901
test,321,2,0,0.480655,0.247923,0.217700,0.026343,0.027380
test,322,3,3,0.174547,0.049963,0.227853,0.454629,0.093007
test,323,2,1,0.186828,0.346863,0.306817,0.069987,0.089505
test,324,2,2,0.190417,0.307498,0.435127,0.024498,0.042460
test,325,2,2,0.058674,0.107279,0.571052,0.072844,0.190151
test,326,0,0,0.796461,0.128490,0.072889,0.001371,0.000789
test,327,2,2,0.082811,0.089952,0.331977,0.221436,0.273824
test,328,2,2,0.078776,0.248822,0.505597,0.067804,0.099000
test,329,0,2,0.161329,0.113889,0.596793,0.035315,0.092674
test,330,2,0,0.380015,0.345689,0.246387,0.011386,0.016524
test,331,0,2,0.195831,0.257443,0.499772,0.018365,0.028590
test,332,0,2,0.173977,0.243689,0.532534,0.019546,0.030253
test,333,1,0,0.792050,0.123446,0.081248,0.002052,0.001204
test,334,0,0,0.916127,0.036037,0.042600,0.003600,0.001636
test,335,2,2,0.102180,0.180959,0.349363,0.098686,0.268812
test,336,2,1,0.267660,0.397861,0.220634,0.022197,0.091648
test,337,2,1,0.275295,0.334095,0.265548,0.060469,0.064593
test,338,1,0,0.600287,0.134272,0.215654,0.025214,0.024573
test,339,0,0,0.943874,0.032652,0.022765,0.000378,0.000331
test,340,3,4,0.008956,0.024120,0.107888,0.195271,0.663765
test,341,3,4,0.036076,0.046118,0.354874,0.183069,0.379864
test,342,3,2,0.162553,0.101476,0.538056,0.079174,0.118741
test,343,3,2,0.046243,0.074863,0.300743,0.293600,0.284551
test,344,0,0,0.761212,0.105650,0.109511,0.017093,0.006534
test,345,0,0,0.574706,0.222932,0.183004,0.007791,0.011567
test,346,2,1,0.168037,0.426312,0.259862,0.039064,0.106724
test,347,0,2,0.278747,0.277161,0.390012,0.032984,0.021096
test,348,2,0,0.715914,0.108505,0.161972,0.008438,0.005171
test,349,0,0,0.952578,0.024604,0.021627,0.000921,0.000271
test,350,2,2,0.111802,0.182972,0.413158,0.124699,0.167369
test,351,3,0,0.528873,0.058631,0.270684,0.085716,0.056096
test,352,0,0,0.501605,0.094846,0.352909,0.026860,0.023781
test,353,0,0,0.774849,0.152823,0.069323,0.001534,0.001471
test,354,4,4,0.044130,0.043778,0.203449,0.239630,0.469013
test,355,3,2,0.038697,0.069267,0.328815,0.306777,0.256444
test,356,1,2,0.173797,0.279947,0.341426,0.111049,0.093781
test,357,3,4,0.072701,0.049071,0.168270,0.334612,0.375347
test,358,0,0,0.867234,0.091299,0.039471,0.001475,0.000522
test,359,0,1,0.347774,0.401815,0.226037,0.009127,0.015247
test,360,3,2,0.069283,0.130421,0.457147,0.128065,0.215084
test,361,4,4,0.071979,0.063512,0.214251,0.130180,0.520078
test,362,4,4,0.010050,0.007880,0.015642,0.052140,0.914288
test,363,2,0,0.478877,0.259665,0.200248,0.027276,0.033934
test,364,1,0,0.369312,0.364508,0.215198,0.010953,0.040030
test,365,3,4,0.029958,0.016278,0.143066,0.184625,0.626073
test,366,2,1,0.120498,0.434082,0.363898,0.022216,0.059305
test,367,0,0,0.561044,0.217622,0.195104,0.009801,0.016429
test,368,0,0,0.750102,0.188673,0.056830,0.003208,0.001186
test,369,0,0,0.330554,0.299823,0.259620,0.043765,0.066238
test,370,0,0,0.683448,0.071933,0.217334,0.019318,0.007966
test,371,0,0,0.891072,0.052993,0.053229,0.001803,0.000903
test,372,2,0,0.404944,0.210638,0.319510,0.024786,0.040122
test,373,3,4,0.073348,0.084719,0.103326,0.137813,0.600795
test,374,0,0,0.838446,0.124236,0.035406,0.001377,0.000536
test,375,3,4,0.010502,0.038953,0.308504,0.202726,0.439314
test,376,3,2,0.060287,0.097043,0.395109,0.089501,0.358059
test,377,0,0,0.695934,0.175575,0.118434,0.005198,0.004860
test,378,2,1,0.220248,0.355137,0.324234,0.038602,0.061779
test,379,4,2,0.267591,0.177888,0.345047,0.039623,0.169851
test,380,1,0,0.601795,0.069834,0.292133,0.017290,0.018948
test,381,0,0,0.830624,0.060007,0.104482,0.002514,0.002373
test,382,0,2,0.295067,0.275518,0.396196,0.016261,0.016959
test,383,2,2,0.153100,0.215293,0.411043,0.073591,0.146972
test,384,0,1,0.262353,0.443199,0.204443,0.033595,0.056410
test,385,0,0,0.882134,0.075202,0.040725,0.001133,0.000805
test,386,2,0,0.362765,0.169173,0.361243,0.066662,0.040156
test,387,0,0,0.878489,0.082359,0.037843,0.000799,0.000510
test,388,3,2,0.124012,0.150516,0.427496,0.137269,0.160706
test,389,0,0,0.855912,0.063227,0.074091,0.004255,0.002516
test,390,0,0,0.453187,0.277012,0.195610,0.028573,0.045618
test,391,0,1,0.379130,0.422253,0.183353,0.008180,0.007084
test,392,0,2,0.135097,0.184979,0.520629,0.061847,0.097449
test,393,4,4,0.020926,0.031560,0.124090,0.189040,0.634384
test,394,2,2,0.064641,0.144933,0.673093,0.057439,0.059894
test,395,2,1,0.301773,0.334572,0.252841,0.044248,0.066566
test,396,0,1,0.228100,0.359521,0.353169,0.023675,0.035534
test,397,2,2,0.144266,0.304747,0.490368,0.019894,0.040725
test,398,0,0,0.914823,0.032429,0.050220,0.001743,0.000786
test,399,4,4,0.076379,0.170976,0.177046,0.196207,0.379393
