epoch,learning_rate,train_loss,train_accuracy,val_loss,val_accuracy,seconds
1,0.00015,1.8795693920135499,0.2996888888888889,1.859796068572998,0.3224,38.33976491680369
2,0.0003,1.6922928998311362,0.37255555555555553,1.618266321182251,0.4058,37.61894695786759
3,0.0003,1.550898883374532,0.43124444444444443,1.5035142333984375,0.4476,42.876598082948476
4,0.0002977211629518312,1.4654710512373184,0.4643777777777778,1.4430287641525268,0.4684,38.971313583198935
5,0.0002909538931178862,1.3938779485702515,0.49248888888888886,1.4050374639511107,0.4834,44.4791959580034
6,0.0002799038105676658,1.3398904227150812,0.5121111111111111,1.3157078195571899,0.523,36.05804970767349
7,0.00026490666646784665,1.302269851091173,0.5302444444444444,1.2732975902557373,0.5402,36.21135241724551
8,0.0002464181414529809,1.2599536143620809,0.5444888888888889,1.2299274950027466,0.5586,36.290080584120005
9,0.000225,1.2191629744211834,0.5601777777777778,1.2128974626541138,0.554,36.668797875288874
10,0.00020130302149885031,1.1893516404045952,0.5696888888888889,1.2014346509933471,0.5636,36.66589399985969
11,0.00017604722665003956,1.155068078104655,0.5837111111111111,1.17136829662323,0.5824,36.61921516619623
12,0.00015,1.1258417337841458,0.5945111111111111,1.1703362098693848,0.5884,36.21473562484607
13,0.00012395277334996044,1.0930188711590236,0.6061111111111112,1.1238146394729613,0.5984,38.59486874984577
14,9.869697850114969e-05,1.0707890040079753,0.6151111111111112,1.1178985597610474,0.5992,51.7725639580749
15,7.500000000000002e-05,1.0497765716552734,0.6244666666666666,1.0919382369995116,0.6108,42.94628599984571
16,5.358185854701909e-05,1.0307708965513442,0.6307555555555555,1.082670028114319,0.6132,43.71458195801824
17,3.509333353215331e-05,1.0118400929556952,0.6363555555555556,1.0711455522537232,0.619,49.85964949987829
18,2.009618943233419e-05,1.0010530493206449,0.6419111111111111,1.0707644889831542,0.6194,43.101295875385404
19,9.046106882113751e-06,0.9942778541564942,0.6462666666666667,1.0646781938552856,0.6188,41.507724583148956
20,2.2788370481687965e-06,0.9902173469755384,0.6454,1.063460976409912,0.6196,45.62954758387059
