image_id,layer,cosine_to_final,cosine_to_previous_selected,drift_from_previous_selected
cifar10_train_00000,1,-0.01606537029147148,,
cifar10_train_00000,3,-0.018819455057382584,0.7759251594543457,0.2240748405456543
cifar10_train_00000,6,0.11203518509864807,0.8597235083580017,0.1402764916419983
cifar10_train_00000,9,0.14193417131900787,0.44143426418304443,0.5585657358169556
cifar10_train_00000,12,1.0,0.14193417131900787,0.8580658286809921
cifar10_train_00001,1,0.03483079746365547,,
cifar10_train_00001,3,0.06875748932361603,0.7824832797050476,0.2175167202949524
cifar10_train_00001,6,0.13577276468276978,0.8448125123977661,0.1551874876022339
cifar10_train_00001,9,0.1475537270307541,0.44256240129470825,0.5574375987052917
cifar10_train_00001,12,0.9999999403953552,0.1475537270307541,0.8524462729692459
cifar10_train_00002,1,0.025483854115009308,,
cifar10_train_00002,3,0.07247017323970795,0.778548002243042,0.221451997756958
cifar10_train_00002,6,0.1878066062927246,0.8452308177947998,0.1547691822052002
cifar10_train_00002,9,0.21631336212158203,0.45565658807754517,0.5443434119224548
cifar10_train_00002,12,1.0,0.21631336212158203,0.783686637878418
cifar10_train_00003,1,-0.027263019233942032,,
cifar10_train_00003,3,-0.006807440891861916,0.7740118503570557,0.22598814964294434
cifar10_train_00003,6,0.06924808770418167,0.8500164151191711,0.14998358488082886
cifar10_train_00003,9,0.19236619770526886,0.4622316360473633,0.5377683639526367
cifar10_train_00003,12,0.9999999403953552,0.19236619770526886,0.8076338022947311
