sample,stage,shape,dtype,max_absolute_error,mean_absolute_error,mean_squared_error,mean_relative_error,cosine_similarity,passed
random_seed7,input,"(1, 3, 224, 224)",torch.float32,0.0,0.0,0.0,0.0,0.9999998807907104,True
random_seed7,patch_embed,"(1, 196, 768)",torch.float32,0.0,0.0,0.0,0.0,1.0,True
random_seed7,pos_drop,"(1, 197, 768)",torch.float32,0.0,0.0,0.0,0.0,1.0,True
random_seed7,blocks.0.norm1,"(1, 197, 768)",torch.float32,0.0,0.0,0.0,0.0,1.0,True
random_seed7,blocks.0.attn.qkv,"(1, 197, 2304)",torch.float32,0.0,0.0,0.0,0.0,1.0,True
random_seed7,blocks.0.attn.attn_drop,"(1, 12, 197, 197)",torch.float32,0.0,0.0,0.0,0.0,1.0,True
random_seed7,blocks.0.attn.proj,"(1, 197, 768)",torch.float32,0.0,0.0,0.0,0.0,1.0,True
random_seed7,blocks.0.norm2,"(1, 197, 768)",torch.float32,0.0,0.0,0.0,0.0,1.0,True
random_seed7,blocks.0.mlp.fc1,"(1, 197, 3072)",torch.float32,0.0,0.0,0.0,0.0,1.0,True
random_seed7,blocks.0.mlp.fc2,"(1, 197, 768)",torch.float32,0.0,0.0,0.0,0.0,1.0,True
random_seed7,blocks.0,"(1, 197, 768)",torch.float32,0.0,0.0,0.0,0.0,1.0,True
random_seed7,blocks.1,"(1, 197, 768)",torch.float32,0.0,0.0,0.0,0.0,1.0,True
random_seed7,blocks.2,"(1, 197, 768)",torch.float32,0.0,0.0,0.0,0.0,1.0,True
random_seed7,blocks.3,"(1, 197, 768)",torch.float32,0.0,0.0,0.0,0.0,1.0,True
random_seed7,blocks.4,"(1, 197, 768)",torch.float32,0.0,0.0,0.0,0.0,1.0,True
random_seed7,blocks.5,"(1, 197, 768)",torch.float32,0.0,0.0,0.0,0.0,1.0,True
random_seed7,blocks.6,"(1, 197, 768)",torch.float32,0.0,0.0,0.0,0.0,1.0,True
random_seed7,blocks.7,"(1, 197, 768)",torch.float32,0.0,0.0,0.0,0.0,1.0,True
random_seed7,blocks.8,"(1, 197, 768)",torch.float32,0.0,0.0,0.0,0.0,1.0,True
random_seed7,blocks.9,"(1, 197, 768)",torch.float32,0.0,0.0,0.0,0.0,1.0,True
random_seed7,blocks.10,"(1, 197, 768)",torch.float32,0.0,0.0,0.0,0.0,1.0,True
random_seed7,blocks.11,"(1, 197, 768)",torch.float32,0.0,0.0,0.0,0.0,1.0,True
random_seed7,norm,"(1, 197, 768)",torch.float32,0.0,0.0,0.0,0.0,1.0,True
random_seed7,pooled_features,"(1, 768)",torch.float32,0.0,0.0,0.0,0.0,1.0,True
random_seed7,head,"(1, 1000)",torch.float32,0.0,0.0,0.0,0.0,1.0,True
zeros,input,"(1, 3, 224, 224)",torch.float32,0.0,0.0,0.0,0.0,1.0,True
zeros,patch_embed,"(1, 196, 768)",torch.float32,0.0,0.0,0.0,0.0,1.0,True
zeros,pos_drop,"(1, 197, 768)",torch.float32,0.0,0.0,0.0,0.0,1.0,True
zeros,blocks.0.norm1,"(1, 197, 768)",torch.float32,0.0,0.0,0.0,0.0,1.0,True
zeros,blocks.0.attn.qkv,"(1, 197, 2304)",torch.float32,0.0,0.0,0.0,0.0,1.0,True
zeros,blocks.0.attn.attn_drop,"(1, 12, 197, 197)",torch.float32,0.0,0.0,0.0,0.0,1.0,True
zeros,blocks.0.attn.proj,"(1, 197, 768)",torch.float32,0.0,0.0,0.0,0.0,1.0,True
zeros,blocks.0.norm2,"(1, 197, 768)",torch.float32,0.0,0.0,0.0,0.0,1.0,True
zeros,blocks.0.mlp.fc1,"(1, 197, 3072)",torch.float32,0.0,0.0,0.0,0.0,1.0,True
zeros,blocks.0.mlp.fc2,"(1, 197, 768)",torch.float32,0.0,0.0,0.0,0.0,1.0,True
zeros,blocks.0,"(1, 197, 768)",torch.float32,0.0,0.0,0.0,0.0,1.0,True
zeros,blocks.1,"(1, 197, 768)",torch.float32,0.0,0.0,0.0,0.0,1.0,True
zeros,blocks.2,"(1, 197, 768)",torch.float32,0.0,0.0,0.0,0.0,1.0,True
zeros,blocks.3,"(1, 197, 768)",torch.float32,0.0,0.0,0.0,0.0,1.0,True
zeros,blocks.4,"(1, 197, 768)",torch.float32,0.0,0.0,0.0,0.0,1.0,True
zeros,blocks.5,"(1, 197, 768)",torch.float32,0.0,0.0,0.0,0.0,1.0,True
zeros,blocks.6,"(1, 197, 768)",torch.float32,0.0,0.0,0.0,0.0,1.0,True
zeros,blocks.7,"(1, 197, 768)",torch.float32,0.0,0.0,0.0,0.0,1.0,True
zeros,blocks.8,"(1, 197, 768)",torch.float32,0.0,0.0,0.0,0.0,1.0,True
zeros,blocks.9,"(1, 197, 768)",torch.float32,0.0,0.0,0.0,0.0,1.0,True
zeros,blocks.10,"(1, 197, 768)",torch.float32,0.0,0.0,0.0,0.0,1.0,True
zeros,blocks.11,"(1, 197, 768)",torch.float32,0.0,0.0,0.0,0.0,1.0,True
zeros,norm,"(1, 197, 768)",torch.float32,0.0,0.0,0.0,0.0,1.0,True
zeros,pooled_features,"(1, 768)",torch.float32,0.0,0.0,0.0,0.0,1.0,True
zeros,head,"(1, 1000)",torch.float32,0.0,0.0,0.0,0.0,0.9999998807907104,True
synthetic_rgb,input,"(1, 3, 224, 224)",torch.float32,0.0,0.0,0.0,0.0,1.0,True
synthetic_rgb,patch_embed,"(1, 196, 768)",torch.float32,0.0,0.0,0.0,0.0,0.9999977946281433,True
synthetic_rgb,pos_drop,"(1, 197, 768)",torch.float32,0.0,0.0,0.0,0.0,1.0,True
synthetic_rgb,blocks.0.norm1,"(1, 197, 768)",torch.float32,0.0,0.0,0.0,0.0,1.0,True
synthetic_rgb,blocks.0.attn.qkv,"(1, 197, 2304)",torch.float32,0.0,0.0,0.0,0.0,1.0,True
synthetic_rgb,blocks.0.attn.attn_drop,"(1, 12, 197, 197)",torch.float32,0.0,0.0,0.0,0.0,1.0,True
synthetic_rgb,blocks.0.attn.proj,"(1, 197, 768)",torch.float32,0.0,0.0,0.0,0.0,1.0,True
synthetic_rgb,blocks.0.norm2,"(1, 197, 768)",torch.float32,0.0,0.0,0.0,0.0,1.0,True
synthetic_rgb,blocks.0.mlp.fc1,"(1, 197, 3072)",torch.float32,0.0,0.0,0.0,0.0,1.0,True
synthetic_rgb,blocks.0.mlp.fc2,"(1, 197, 768)",torch.float32,0.0,0.0,0.0,0.0,1.0,True
synthetic_rgb,blocks.0,"(1, 197, 768)",torch.float32,0.0,0.0,0.0,0.0,1.0,True
synthetic_rgb,blocks.1,"(1, 197, 768)",torch.float32,0.0,0.0,0.0,0.0,1.0,True
synthetic_rgb,blocks.2,"(1, 197, 768)",torch.float32,0.0,0.0,0.0,0.0,1.0,True
synthetic_rgb,blocks.3,"(1, 197, 768)",torch.float32,0.0,0.0,0.0,0.0,1.0,True
synthetic_rgb,blocks.4,"(1, 197, 768)",torch.float32,0.0,0.0,0.0,0.0,1.0,True
synthetic_rgb,blocks.5,"(1, 197, 768)",torch.float32,0.0,0.0,0.0,0.0,1.0,True
synthetic_rgb,blocks.6,"(1, 197, 768)",torch.float32,0.0,0.0,0.0,0.0,1.0,True
synthetic_rgb,blocks.7,"(1, 197, 768)",torch.float32,0.0,0.0,0.0,0.0,1.0,True
synthetic_rgb,blocks.8,"(1, 197, 768)",torch.float32,0.0,0.0,0.0,0.0,1.0,True
synthetic_rgb,blocks.9,"(1, 197, 768)",torch.float32,0.0,0.0,0.0,0.0,1.0,True
synthetic_rgb,blocks.10,"(1, 197, 768)",torch.float32,0.0,0.0,0.0,0.0,1.0,True
synthetic_rgb,blocks.11,"(1, 197, 768)",torch.float32,0.0,0.0,0.0,0.0,1.0,True
synthetic_rgb,norm,"(1, 197, 768)",torch.float32,0.0,0.0,0.0,0.0,1.0,True
synthetic_rgb,pooled_features,"(1, 768)",torch.float32,0.0,0.0,0.0,0.0,1.0,True
synthetic_rgb,head,"(1, 1000)",torch.float32,0.0,0.0,0.0,0.0,1.0,True
image:cifar_train_00000.png,input,"(1, 3, 224, 224)",torch.float32,0.0,0.0,0.0,0.0,1.0,True
image:cifar_train_00000.png,patch_embed,"(1, 196, 768)",torch.float32,0.0,0.0,0.0,0.0,1.0,True
image:cifar_train_00000.png,pos_drop,"(1, 197, 768)",torch.float32,0.0,0.0,0.0,0.0,1.0,True
image:cifar_train_00000.png,blocks.0.norm1,"(1, 197, 768)",torch.float32,0.0,0.0,0.0,0.0,1.0,True
image:cifar_train_00000.png,blocks.0.attn.qkv,"(1, 197, 2304)",torch.float32,0.0,0.0,0.0,0.0,1.0,True
image:cifar_train_00000.png,blocks.0.attn.attn_drop,"(1, 12, 197, 197)",torch.float32,0.0,0.0,0.0,0.0,1.0,True
image:cifar_train_00000.png,blocks.0.attn.proj,"(1, 197, 768)",torch.float32,0.0,0.0,0.0,0.0,1.0,True
image:cifar_train_00000.png,blocks.0.norm2,"(1, 197, 768)",torch.float32,0.0,0.0,0.0,0.0,1.0,True
image:cifar_train_00000.png,blocks.0.mlp.fc1,"(1, 197, 3072)",torch.float32,0.0,0.0,0.0,0.0,1.0,True
image:cifar_train_00000.png,blocks.0.mlp.fc2,"(1, 197, 768)",torch.float32,0.0,0.0,0.0,0.0,1.0,True
image:cifar_train_00000.png,blocks.0,"(1, 197, 768)",torch.float32,0.0,0.0,0.0,0.0,1.0,True
image:cifar_train_00000.png,blocks.1,"(1, 197, 768)",torch.float32,0.0,0.0,0.0,0.0,1.0,True
image:cifar_train_00000.png,blocks.2,"(1, 197, 768)",torch.float32,0.0,0.0,0.0,0.0,1.0,True
image:cifar_train_00000.png,blocks.3,"(1, 197, 768)",torch.float32,0.0,0.0,0.0,0.0,1.0,True
image:cifar_train_00000.png,blocks.4,"(1, 197, 768)",torch.float32,0.0,0.0,0.0,0.0,1.0,True
image:cifar_train_00000.png,blocks.5,"(1, 197, 768)",torch.float32,0.0,0.0,0.0,0.0,1.0,True
image:cifar_train_00000.png,blocks.6,"(1, 197, 768)",torch.float32,0.0,0.0,0.0,0.0,1.0,True
image:cifar_train_00000.png,blocks.7,"(1, 197, 768)",torch.float32,0.0,0.0,0.0,0.0,1.0,True
image:cifar_train_00000.png,blocks.8,"(1, 197, 768)",torch.float32,0.0,0.0,0.0,0.0,1.0,True
image:cifar_train_00000.png,blocks.9,"(1, 197, 768)",torch.float32,0.0,0.0,0.0,0.0,1.0,True
image:cifar_train_00000.png,blocks.10,"(1, 197, 768)",torch.float32,0.0,0.0,0.0,0.0,1.0,True
image:cifar_train_00000.png,blocks.11,"(1, 197, 768)",torch.float32,0.0,0.0,0.0,0.0,1.0,True
image:cifar_train_00000.png,norm,"(1, 197, 768)",torch.float32,0.0,0.0,0.0,0.0,1.0,True
image:cifar_train_00000.png,pooled_features,"(1, 768)",torch.float32,0.0,0.0,0.0,0.0,0.9999998211860657,True
image:cifar_train_00000.png,head,"(1, 1000)",torch.float32,0.0,0.0,0.0,0.0,1.0,True
