epoch,learning_rate,train_loss,train_accuracy,val_loss,val_accuracy,seconds
1,0.00015,1.8534762911266751,0.3078,1.7427169715881348,0.3706,73.3197986289997
2,0.0003,1.5856790169821846,0.4158,1.3942206186294557,0.4858,76.74554538899974
3,0.0003,1.376884083811442,0.4991111111111111,1.2429557792663575,0.5534,79.8575319979991
4,0.0002977211629518312,1.2534141816033257,0.5449777777777778,1.2266866218566894,0.5608,81.02995892400031
5,0.0002909538931178862,1.1715742544386123,0.5765333333333333,1.180545385169983,0.5688,81.33970657499958
6,0.0002799038105676658,1.1214639586766562,0.5944666666666667,1.0765528032302856,0.6154,81.3329288169989
7,0.00026490666646784665,1.0689337969038222,0.6150666666666667,1.0407050521850585,0.6304,82.08811056500053
8,0.0002464181414529809,1.0125694017622207,0.6353333333333333,0.9717708610534668,0.6546,82.2764305540004
9,0.000225,0.9737976703219944,0.6493333333333333,0.9849588133811951,0.6466,81.7497553510002
10,0.00020130302149885031,0.9415968354754978,0.6628222222222222,0.957851382637024,0.661,82.08384710700011
11,0.00017604722665003956,0.9006820155249702,0.6760888888888889,0.9031454250335693,0.6822,82.37965553100003
12,0.00015,0.8685675894843208,0.6899777777777778,0.9101028789520264,0.6808,82.27294888600045
13,0.00012395277334996044,0.836801431857215,0.6977777777777778,0.8940486274719238,0.6824,82.09592031300053
14,9.869697850114969e-05,0.8088859762191772,0.7101333333333333,0.8404459875106811,0.7058,82.5404829020008
15,7.500000000000002e-05,0.7752547668245103,0.7210666666666666,0.824076454257965,0.7122,82.41797562300053
16,5.358185854701909e-05,0.7462938564300537,0.7304888888888889,0.8050280494689941,0.72,82.50996765299897
17,3.509333353215331e-05,0.7269244132889642,0.7402222222222222,0.7909281554222107,0.7196,82.7727470509999
18,2.009618943233419e-05,0.7087247424125671,0.7484666666666666,0.7923724377632141,0.7168,82.86877566700059
19,9.046106882113751e-06,0.6969594769901699,0.7514888888888889,0.786674543094635,0.7222,82.38759678299903
20,2.2788370481687965e-06,0.6852580250951978,0.7548444444444444,0.7813347593307495,0.727,82.6908159500017
