epoch,learning_rate,train_loss,val_loss,val_accuracy,val_quadratic_weighted_kappa,seconds
1,2e-05,1.3840151760313246,0.9769684076309204,0.575,0.6144961016459718,15.867899472999852
2,2e-05,0.8717408608507227,0.826458215713501,0.675,0.7380560131795717,16.085826167996856
3,1.9396926207859085e-05,0.6819850076127936,0.8342450857162476,0.6833333333333333,0.736842105263158,16.08970048899937
4,1.766044443118978e-05,0.5207470271322462,0.9307956695556641,0.6416666666666667,0.7339567881328604,16.33356495499902
5,1.5000000000000002e-05,0.36534380901742863,1.024134635925293,0.65,0.7155037410823037,16.72246187699784
6,1.1736481776669307e-05,0.2576581642307617,1.0283302068710327,0.65,0.7766558274858806,17.284985831000085
7,8.263518223330698e-06,0.11989970527313373,1.1416462659835815,0.6583333333333333,0.8030117317457538,17.039262082998903
8,5.000000000000003e-06,0.07030985756880707,1.0954631567001343,0.6833333333333333,0.7249844623990056,16.790342808999412
9,2.339555568810221e-06,0.039344103230784334,1.1329493522644043,0.7,0.7518294622971683,16.51419988500129
10,6.030737921409169e-07,0.025837244158955636,1.1191859245300293,0.6833333333333333,0.7451923076923077,16.4882587409993
