study,label,seed,image_size,patch_size,embed_dim,best_validation_accuracy,best_epoch,reload_max_abs_logit_difference,total_epoch_seconds,split_sha256,config_path,config_sha256,device,gpu,git_commit,smoke_run
width192_patch,w192_p04,7,32,4,192,0.7478,19,0.0,695.0053294800036,7c46f6e699292dfda1caa70321c9fe01b3f6ca7e6103332d1653f6ec6f57a846,configs/experiments/width192_patch/w192_p04_seed7.yaml,7aa6eea02acc8f4929aead631b8cfaa18289f9a524be8ad8feafedd9be65f055,cuda,Tesla T4,1392228c418d77cdc9e761b340a2068c07b4a32c,False
width192_patch,w192_p08,7,32,8,192,0.6838,20,0.0,562.0494467849967,7c46f6e699292dfda1caa70321c9fe01b3f6ca7e6103332d1653f6ec6f57a846,configs/experiments/width192_patch/w192_p08_seed7.yaml,5cedd402ab71cb681e3ce907f18b51d70d0d1087b9f5599df22878851aa21dac,cuda,Tesla T4,1392228c418d77cdc9e761b340a2068c07b4a32c,False
width192_patch,w192_p16,7,32,16,192,0.5836,18,0.0,547.6633764999988,7c46f6e699292dfda1caa70321c9fe01b3f6ca7e6103332d1653f6ec6f57a846,configs/experiments/width192_patch/w192_p16_seed7.yaml,dfb275a88b5d3bf0bc959752b4bb5df0d3c634e74aabf76d72deb6fcc8e989d8,cuda,Tesla T4,1392228c418d77cdc9e761b340a2068c07b4a32c,False
width192_patch,w192_p04,11,32,4,192,0.76,19,0.0,689.6138611470051,4d2a637c48f5d828162bb82bd05b6fa65c7d1e02633f11044f5133751be9a878,configs/experiments/width192_patch/w192_p04_seed11.yaml,85378c1e800a3f74c5e6d7c4ddbf42da37d3bca5014a5592ac5882b69e43b831,cuda,Tesla T4,1392228c418d77cdc9e761b340a2068c07b4a32c,False
width192_patch,w192_p08,11,32,8,192,0.6934,16,0.0,559.0978510070054,4d2a637c48f5d828162bb82bd05b6fa65c7d1e02633f11044f5133751be9a878,configs/experiments/width192_patch/w192_p08_seed11.yaml,2f6f64508bfed479d8a626e056a328af0a03e057e07efb5ae9bcc1bdfc28d9c8,cuda,Tesla T4,1392228c418d77cdc9e761b340a2068c07b4a32c,False
width192_patch,w192_p16,11,32,16,192,0.6064,19,0.0,523.5223275340068,4d2a637c48f5d828162bb82bd05b6fa65c7d1e02633f11044f5133751be9a878,configs/experiments/width192_patch/w192_p16_seed11.yaml,8a0a186a180a744a1461b4878e457a6a9ffc175561fef3e5a9661939d2f38454,cuda,Tesla T4,1392228c418d77cdc9e761b340a2068c07b4a32c,False
width192_patch,w192_p04,19,32,4,192,0.7502,20,0.0,689.5627989300083,121d4cf14236900f73d796e264ec0f8eabd3cf4c990959ae72383375eb0b6224,configs/experiments/width192_patch/w192_p04_seed19.yaml,0e0b202774b112672bc0dd71ac496c90e2dd35dcd76203e409bd9b014fae5d9a,cuda,Tesla T4,1392228c418d77cdc9e761b340a2068c07b4a32c,False
width192_patch,w192_p08,19,32,8,192,0.6846,20,0.0,586.6076254189938,121d4cf14236900f73d796e264ec0f8eabd3cf4c990959ae72383375eb0b6224,configs/experiments/width192_patch/w192_p08_seed19.yaml,f2e505b6999df2e3f891a6ceceaf75bd2cd7143d2d0dab9bfba90fbabd520794,cuda,Tesla T4,1392228c418d77cdc9e761b340a2068c07b4a32c,False
width192_patch,w192_p16,19,32,16,192,0.589,20,0.0,549.0116914330029,121d4cf14236900f73d796e264ec0f8eabd3cf4c990959ae72383375eb0b6224,configs/experiments/width192_patch/w192_p16_seed19.yaml,5505fcb417cc568efd4c97f6dfa98523ca04d95ff56b6604b0f364a21efaa25e,cuda,Tesla T4,1392228c418d77cdc9e761b340a2068c07b4a32c,False
